Title,Source Identifier,Date Published,Last Modified,Status,Attack Vector,Attack Complexity,Privileges Required,User Interaction,Scope,Confidentiality Impact,Integrity Impact,Availability Impact,Base Severity,Base Score,Exploitability Score,Impact Score
Microsoft Authenticator Elevation of Privilege Vulnerability,secure@microsoft.com,2024-03-12,2024-03-21,Analyzed,LOCAL,LOW,NONE,REQUIRED,UNCHANGED,HIGH,HIGH,NONE,HIGH,7.1,1.8,5.2
.NET and Visual Studio Denial of Service Vulnerability,secure@microsoft.com,2024-03-12,2024-03-12,Awaiting Analysis,NETWORK,LOW,NONE,NONE,UNCHANGED,NONE,NONE,HIGH,HIGH,7.5,3.9,3.6
Windows Hyper-V Remote Code Execution Vulnerability,secure@microsoft.com,2024-03-12,2024-03-21,Analyzed,NETWORK,HIGH,NONE,NONE,UNCHANGED,HIGH,HIGH,HIGH,HIGH,8.1,2.2,5.9
Skype for Consumer Remote Code Execution Vulnerability,secure@microsoft.com,2024-03-12,2024-03-12,Awaiting Analysis,NETWORK,LOW,NONE,REQUIRED,UNCHANGED,HIGH,HIGH,HIGH,HIGH,8.8,2.8,5.9
Software for Open Networking in the Cloud (SONiC) Elevation of Privilege Vulnerability,secure@microsoft.com,2024-03-12,2024-03-12,Awaiting Analysis,LOCAL,LOW,LOW,NONE,UNCHANGED,HIGH,HIGH,HIGH,HIGH,7.8,1.8,5.9
Microsoft Dynamics 365 (on-premises) Cross-site Scripting Vulnerability,secure@microsoft.com,2024-03-12,2024-03-12,Awaiting Analysis,NETWORK,LOW,LOW,REQUIRED,CHANGED,HIGH,LOW,NONE,HIGH,7.6,2.3,4.7
Azure SDK Spoofing Vulnerability,secure@microsoft.com,2024-03-12,2024-03-12,Awaiting Analysis,NETWORK,LOW,NONE,NONE,UNCHANGED,HIGH,NONE,NONE,HIGH,7.5,3.9,3.6
Microsoft SharePoint Server Remote Code Execution Vulnerability,secure@microsoft.com,2024-03-12,2024-03-12,Awaiting Analysis,LOCAL,LOW,NONE,REQUIRED,UNCHANGED,HIGH,HIGH,HIGH,HIGH,7.8,1.8,5.9
Windows Kerberos Security Feature Bypass Vulnerability,secure@microsoft.com,2024-03-12,2024-03-12,Awaiting Analysis,NETWORK,HIGH,LOW,NONE,UNCHANGED,HIGH,HIGH,HIGH,HIGH,7.5,1.6,5.9
Hypervisor-Protected Code Integrity (HVCI) Security Feature Bypass Vulnerability,secure@microsoft.com,2024-03-12,2024-03-12,Awaiting Analysis,LOCAL,LOW,LOW,NONE,UNCHANGED,HIGH,HIGH,HIGH,HIGH,7.8,1.8,5.9
Windows Update Stack Elevation of Privilege Vulnerability,secure@microsoft.com,2024-03-12,2024-03-12,Awaiting Analysis,LOCAL,HIGH,LOW,NONE,UNCHANGED,HIGH,HIGH,HIGH,HIGH,7.0,1.0,5.9
Windows Print Spooler Elevation of Privilege Vulnerability,secure@microsoft.com,2024-03-12,2024-03-12,Awaiting Analysis,LOCAL,HIGH,LOW,NONE,UNCHANGED,HIGH,HIGH,HIGH,HIGH,7.0,1.0,5.9
Microsoft Windows SCSI Class System File Elevation of Privilege Vulnerability,secure@microsoft.com,2024-03-12,2024-03-12,Awaiting Analysis,LOCAL,LOW,LOW,NONE,UNCHANGED,HIGH,HIGH,HIGH,HIGH,7.8,1.8,5.9
Windows OLE Remote Code Execution Vulnerability,secure@microsoft.com,2024-03-12,2024-03-12,Awaiting Analysis,NETWORK,LOW,NONE,REQUIRED,UNCHANGED,HIGH,HIGH,HIGH,HIGH,8.8,2.8,5.9
Windows Installer Elevation of Privilege Vulnerability,secure@microsoft.com,2024-03-12,2024-03-12,Awaiting Analysis,LOCAL,LOW,LOW,NONE,UNCHANGED,HIGH,HIGH,HIGH,HIGH,7.8,1.8,5.9
Windows Graphics Component Elevation of Privilege Vulnerability,secure@microsoft.com,2024-03-12,2024-03-12,Awaiting Analysis,LOCAL,LOW,LOW,NONE,UNCHANGED,HIGH,HIGH,HIGH,HIGH,7.8,1.8,5.9
Microsoft AllJoyn API Denial of Service Vulnerability,secure@microsoft.com,2024-03-12,2024-03-12,Awaiting Analysis,NETWORK,LOW,NONE,NONE,UNCHANGED,NONE,NONE,HIGH,HIGH,7.5,3.9,3.6
Windows Telephony Server Elevation of Privilege Vulnerability,secure@microsoft.com,2024-03-12,2024-03-12,Awaiting Analysis,LOCAL,HIGH,LOW,NONE,UNCHANGED,HIGH,HIGH,HIGH,HIGH,7.0,1.0,5.9
Microsoft WDAC OLE DB provider for SQL Server Remote Code Execution Vulnerability,secure@microsoft.com,2024-03-12,2024-03-12,Awaiting Analysis,NETWORK,LOW,NONE,REQUIRED,UNCHANGED,HIGH,HIGH,HIGH,HIGH,8.8,2.8,5.9
Windows USB Print Driver Elevation of Privilege Vulnerability,secure@microsoft.com,2024-03-12,2024-03-12,Awaiting Analysis,LOCAL,LOW,LOW,NONE,UNCHANGED,HIGH,HIGH,HIGH,HIGH,7.8,1.8,5.9
Windows Kernel Elevation of Privilege Vulnerability,secure@microsoft.com,2024-03-12,2024-03-12,Awaiting Analysis,LOCAL,LOW,LOW,REQUIRED,UNCHANGED,HIGH,HIGH,HIGH,HIGH,7.3,1.3,5.9
Microsoft WDAC OLE DB provider for SQL Server Remote Code Execution Vulnerability,secure@microsoft.com,2024-03-12,2024-03-12,Awaiting Analysis,NETWORK,LOW,NONE,REQUIRED,UNCHANGED,HIGH,HIGH,HIGH,HIGH,8.8,2.8,5.9
Windows USB Print Driver Elevation of Privilege Vulnerability,secure@microsoft.com,2024-03-12,2024-03-12,Awaiting Analysis,LOCAL,HIGH,LOW,NONE,UNCHANGED,HIGH,HIGH,HIGH,HIGH,7.0,1.0,5.9
NTFS Elevation of Privilege Vulnerability,secure@microsoft.com,2024-03-12,2024-03-12,Awaiting Analysis,LOCAL,LOW,LOW,NONE,UNCHANGED,HIGH,HIGH,HIGH,HIGH,7.8,1.8,5.9
Microsoft ODBC Driver Remote Code Execution Vulnerability,secure@microsoft.com,2024-03-12,2024-03-12,Awaiting Analysis,NETWORK,LOW,NONE,REQUIRED,UNCHANGED,HIGH,HIGH,HIGH,HIGH,8.8,2.8,5.9
Microsoft ODBC Driver Remote Code Execution Vulnerability,secure@microsoft.com,2024-03-12,2024-03-12,Awaiting Analysis,NETWORK,LOW,NONE,REQUIRED,UNCHANGED,HIGH,HIGH,HIGH,HIGH,8.8,2.8,5.9
Microsoft WDAC OLE DB provider for SQL Server Remote Code Execution Vulnerability,secure@microsoft.com,2024-03-12,2024-03-12,Awaiting Analysis,NETWORK,LOW,NONE,REQUIRED,UNCHANGED,HIGH,HIGH,HIGH,HIGH,8.8,2.8,5.9
Microsoft ODBC Driver Remote Code Execution Vulnerability,secure@microsoft.com,2024-03-12,2024-03-12,Awaiting Analysis,NETWORK,LOW,NONE,REQUIRED,UNCHANGED,HIGH,HIGH,HIGH,HIGH,8.8,2.8,5.9
Microsoft Django Backend for SQL Server Remote Code Execution Vulnerability,secure@microsoft.com,2024-03-12,2024-03-12,Awaiting Analysis,NETWORK,LOW,LOW,NONE,UNCHANGED,HIGH,HIGH,HIGH,HIGH,8.8,2.8,5.9
Visual Studio Code Elevation of Privilege Vulnerability,secure@microsoft.com,2024-03-12,2024-03-12,Awaiting Analysis,NETWORK,LOW,LOW,NONE,UNCHANGED,HIGH,HIGH,HIGH,HIGH,8.8,2.8,5.9
Microsoft WDAC OLE DB provider for SQL Server Remote Code Execution Vulnerability,secure@microsoft.com,2024-03-12,2024-03-12,Awaiting Analysis,NETWORK,LOW,NONE,REQUIRED,UNCHANGED,HIGH,HIGH,HIGH,HIGH,8.8,2.8,5.9
Windows Error Reporting Service Elevation of Privilege Vulnerability,secure@microsoft.com,2024-03-12,2024-03-12,Awaiting Analysis,LOCAL,LOW,LOW,NONE,UNCHANGED,HIGH,HIGH,HIGH,HIGH,7.8,1.8,5.9
Windows Composite Image File System (CimFS) Elevation of Privilege Vulnerability,secure@microsoft.com,2024-03-12,2024-03-12,Awaiting Analysis,LOCAL,LOW,LOW,NONE,UNCHANGED,HIGH,HIGH,HIGH,HIGH,7.8,1.8,5.9
Windows Kernel Elevation of Privilege Vulnerability,secure@microsoft.com,2024-03-12,2024-03-12,Awaiting Analysis,LOCAL,LOW,LOW,NONE,UNCHANGED,HIGH,HIGH,HIGH,HIGH,7.8,1.8,5.9
Windows Kernel Elevation of Privilege Vulnerability,secure@microsoft.com,2024-03-12,2024-03-12,Awaiting Analysis,LOCAL,LOW,LOW,NONE,UNCHANGED,HIGH,HIGH,HIGH,HIGH,7.8,1.8,5.9
Windows Kernel Elevation of Privilege Vulnerability,secure@microsoft.com,2024-03-12,2024-03-12,Awaiting Analysis,LOCAL,LOW,LOW,NONE,UNCHANGED,HIGH,HIGH,HIGH,HIGH,7.8,1.8,5.9
Microsoft QUIC Denial of Service Vulnerability,secure@microsoft.com,2024-03-12,2024-03-12,Awaiting Analysis,NETWORK,LOW,NONE,NONE,UNCHANGED,NONE,NONE,HIGH,HIGH,7.5,3.9,3.6
Microsoft Exchange Server Remote Code Execution Vulnerability,secure@microsoft.com,2024-03-12,2024-03-12,Awaiting Analysis,NETWORK,LOW,NONE,REQUIRED,UNCHANGED,HIGH,HIGH,HIGH,HIGH,8.8,2.8,5.9
Microsoft Office Elevation of Privilege Vulnerability,secure@microsoft.com,2024-03-12,2024-03-12,Awaiting Analysis,LOCAL,LOW,LOW,NONE,UNCHANGED,HIGH,HIGH,HIGH,HIGH,7.8,1.8,5.9
Azure Data Studio Elevation of Privilege Vulnerability,secure@microsoft.com,2024-03-12,2024-03-12,Awaiting Analysis,LOCAL,LOW,LOW,REQUIRED,UNCHANGED,HIGH,HIGH,HIGH,HIGH,7.3,1.3,5.9
Outlook for Android Information Disclosure Vulnerability,secure@microsoft.com,2024-03-12,2024-03-12,Awaiting Analysis,NETWORK,LOW,NONE,NONE,UNCHANGED,HIGH,NONE,NONE,HIGH,7.5,3.9,3.6
Xbox Gaming Services Elevation of Privilege Vulnerability,secure@microsoft.com,2024-03-21,2024-03-21,Awaiting Analysis,LOCAL,LOW,LOW,NONE,CHANGED,HIGH,HIGH,HIGH,HIGH,8.8,2.0,6.0
.NET Framework Information Disclosure Vulnerability,secure@microsoft.com,2024-03-23,2024-04-04,Awaiting Analysis,NETWORK,LOW,NONE,NONE,UNCHANGED,HIGH,NONE,NONE,HIGH,7.5,3.9,3.6
